match_id,status,is_live,start_date,home_team,away_team,home_score,away_score,winner,tournament,sport_name
12877213,ended,False,2026-09-09T19:00:00+00:00,Denmark (Maverick),Italy (Pascal) Esports,6,2,1,Adriatic League - 10 mins play,
12885127,ended,False,2026-09-09T19:00:00+00:00,Sweden (Logan),Belgium (Eric),1,5,2,Adriatic League - 10 mins play,
12877215,ended,False,2026-09-09T19:05:00+00:00,Liverpool (Lucas) Esports,Barcelona (Gael),2,3,2,Adriatic League - 10 mins play,
12885119,ended,False,2026-09-09T19:05:00+00:00,PSG (Iron) Esports,Real Madrid (Kai),2,2,3,Adriatic League - 10 mins play,
12885115,ended,False,2026-09-09T19:15:00+00:00,Sweden (Logan),Italy (Pascal) Esports,5,5,3,Adriatic League - 10 mins play,
12885117,ended,False,2026-09-09T19:15:00+00:00,Denmark (Maverick),Norway (Andrew),6,3,1,Adriatic League - 10 mins play,
12885151,ended,False,2026-09-09T19:20:00+00:00,Barcelona (Gael),Bayern (Alexander),6,5,1,Adriatic League - 10 mins play,
12885153,ended,False,2026-09-09T19:20:00+00:00,Liverpool (Lucas) Esports,Real Madrid (Kai),5,3,1,Adriatic League - 10 mins play,
12885155,ended,False,2026-09-09T19:30:00+00:00,Denmark (Maverick),Belgium (Eric),4,3,1,Adriatic League - 10 mins play,
12885157,ended,False,2026-09-09T19:30:00+00:00,Norway (Andrew),Italy (Pascal) Esports,3,4,2,Adriatic League - 10 mins play,
12885159,ended,False,2026-09-09T19:35:00+00:00,Barcelona (Gael),PSG (Iron) Esports,2,2,3,Adriatic League - 10 mins play,
12893249,ended,False,2026-09-09T19:35:00+00:00,Liverpool (Lucas) Esports,Bayern (Alexander),2,4,2,Adriatic League - 10 mins play,
12885169,ended,False,2026-09-09T19:45:00+00:00,Norway (Andrew),Sweden (Logan),3,4,2,Adriatic League - 10 mins play,
12893219,ended,False,2026-09-09T19:45:00+00:00,Belgium (Eric),Italy (Pascal) Esports,4,5,2,Adriatic League - 10 mins play,
12893229,ended,False,2026-09-09T19:50:00+00:00,Barcelona (Gael),Real Madrid (Kai),0,1,2,Adriatic League - 10 mins play,
12893231,ended,False,2026-09-09T19:50:00+00:00,PSG (Iron) Esports,Bayern (Alexander),1,4,2,Adriatic League - 10 mins play,
12893233,ended,False,2026-09-09T20:00:00+00:00,Denmark (Maverick),Sweden (Logan),1,1,3,Adriatic League - 10 mins play,
12893241,ended,False,2026-09-09T20:00:00+00:00,Belgium (Eric),Norway (Andrew),3,3,3,Adriatic League - 10 mins play,
12893245,ended,False,2026-09-09T20:05:00+00:00,PSG (Iron) Esports,Liverpool (Lucas) Esports,4,5,2,Adriatic League - 10 mins play,
12899603,only_final_result,False,2026-09-09T20:05:00+00:00,Real Madrid (Kai),Bayern (Alexander),,,0,Adriatic League - 10 mins play,
12866709,ended,False,2026-09-09T18:55:00+00:00,Roma (llulle),Juventus (Bosko),6,2,1,Battle - 8 mins play,
12885133,ended,False,2026-09-09T18:58:51+00:00,Juventus (Bosko),Napoli (Jankulovski),1,1,3,Battle - 8 mins play,
12885131,only_final_result,False,2026-09-09T18:58:52+00:00,Bologna (Sena),Roma (llulle),3,2,0,Battle - 8 mins play,
12883083,ended,False,2026-09-09T19:19:00+00:00,Napoli (Jankulovski),Bologna (Sena),1,4,2,Battle - 8 mins play,
12883085,ended,False,2026-09-09T19:19:00+00:00,Sassuolo (Dicca),Juventus (Bosko),1,4,2,Battle - 8 mins play,
12893257,only_final_result,False,2026-09-09T19:31:00+00:00,Roma (llulle),Napoli (Jankulovski),2,2,0,Battle - 8 mins play,
12893259,ended,False,2026-09-09T19:31:00+00:00,Bologna (Sena),Sassuolo (Dicca),3,2,1,Battle - 8 mins play,
12877233,ended,False,2026-09-09T19:43:00+00:00,Sassuolo (Dicca),Roma (llulle),1,3,2,Battle - 8 mins play,
12877235,ended,False,2026-09-09T19:43:00+00:00,Juventus (Bosko),Bologna (Sena),1,2,2,Battle - 8 mins play,
12891589,only_final_result,False,2026-09-09T19:46:51+00:00,Spain (ssstasonn),Brazil (Kavviro),1,4,0,Battle - 8 mins play,
12891591,ended,False,2026-09-09T19:46:52+00:00,Argentina (noeN),England (Simaponika),3,1,1,Battle - 8 mins play,
12899645,ended,False,2026-09-09T19:58:51+00:00,England (Simaponika),Spain (ssstasonn),4,0,1,Battle - 8 mins play,
12899643,ended,False,2026-09-09T19:58:52+00:00,Brazil (Kavviro),France (believer),0,2,2,Battle - 8 mins play,
12899639,ended,False,2026-09-09T20:00:51+00:00,FC Porto (cl1vlind),Sporting (R0ge),2,3,2,Battle - 8 mins play,
12897637,ended,False,2026-09-09T20:00:52+00:00,Braga (DangerDim77),Vitoria SC (JKey),7,7,3,Battle - 8 mins play,
12897641,ended,False,2026-09-09T20:19:00+00:00,Spain (ssstasonn),Argentina (noeN),1,1,3,Battle - 8 mins play,
12897643,ended,False,2026-09-09T20:19:00+00:00,France (believer),England (Simaponika),1,2,2,Battle - 8 mins play,
12897645,ended,False,2026-09-09T20:22:00+00:00,Sporting (R0ge),Benfica (SPACE),0,1,2,Battle - 8 mins play,
12897647,ended,False,2026-09-09T20:22:00+00:00,Vitoria SC (JKey),FC Porto (cl1vlind),5,5,3,Battle - 8 mins play,
12907081,ended,False,2026-09-09T20:31:00+00:00,England (Simaponika),Brazil (Kavviro),2,4,2,Battle - 8 mins play,
12875341,ended,False,2026-09-09T18:53:00+00:00,Bayern (Koss),RB Leipzig (L1genda),1,2,2,Battle Volta - 6 mins play,
12875343,only_final_result,False,2026-09-09T18:53:00+00:00,VfB Stuttgart (Dreamer),Eintracht (Bob),2,3,0,Battle Volta - 6 mins play,
12885123,only_final_result,False,2026-09-09T19:02:00+00:00,Dortmund (Mapiston),Bayern (Koss),5,3,0,Battle Volta - 6 mins play,
12885125,ended,False,2026-09-09T19:02:00+00:00,RB Leipzig (L1genda),VfB Stuttgart (Dreamer),4,1,1,Battle Volta - 6 mins play,
12885121,only_final_result,False,2026-09-09T19:02:51+00:00,VfB Stuttgart (Dreamer),Dortmund (Mapiston),2,2,0,Battle Volta - 6 mins play,
12877221,only_final_result,False,2026-09-09T19:11:00+00:00,Eintracht (Bob),RB Leipzig (L1genda),1,2,0,Battle Volta - 6 mins play,
12884881,ended,False,2026-09-09T19:30:00+00:00,A.Madrid (Senya),Real Madrid (Sheva),0,3,2,Battle Volta - 6 mins play,
12885043,ended,False,2026-09-09T19:30:00+00:00,Bayern (fantazer),Liverpool (Profik),2,1,1,Battle Volta - 6 mins play,
12890905,ended,False,2026-09-09T19:38:51+00:00,PSG (pimchik),Real Madrid (Sheva),1,0,1,Battle Volta - 6 mins play,
12890907,only_final_result,False,2026-09-09T19:38:52+00:00,Bayern (fantazer),A.Madrid (Senya),5,2,0,Battle Volta - 6 mins play,
12885163,only_final_result,False,2026-09-09T19:39:00+00:00,Real Madrid (Sheva),Bayern (fantazer),3,1,0,Battle Volta - 6 mins play,
12885165,ended,False,2026-09-09T19:39:00+00:00,Liverpool (Profik),PSG (pimchik),2,2,3,Battle Volta - 6 mins play,
12891989,ended,False,2026-09-09T19:48:51+00:00,A.Madrid (Senya),PSG (pimchik),2,3,2,Battle Volta - 6 mins play,
12899647,ended,False,2026-09-09T19:56:52+00:00,PSG (pimchik),Bayern (fantazer),2,0,1,Battle Volta - 6 mins play,
12891993,ended,False,2026-09-09T19:57:00+00:00,Real Madrid (Sheva),Liverpool (Profik),2,2,3,Battle Volta - 6 mins play,
12893253,ended,False,2026-09-09T20:06:00+00:00,Liverpool (Profik),A.Madrid (Senya),2,0,1,Battle Volta - 6 mins play,
12897639,ended,False,2026-09-09T20:06:54+00:00,Real Madrid (Sheva),A.Madrid (Senya),3,2,1,Battle Volta - 6 mins play,
12893263,ended,False,2026-09-09T20:15:00+00:00,Liverpool (Profik),Bayern (fantazer),3,3,3,Battle Volta - 6 mins play,
12893273,ended,False,2026-09-09T20:24:00+00:00,Bayern (fantazer),Real Madrid (Sheva),1,1,3,Battle Volta - 6 mins play,
12897947,ended,False,2026-09-09T20:24:00+00:00,PSG (pimchik),Liverpool (Profik),1,3,2,Battle Volta - 6 mins play,
12497051,ended,False,2026-09-09T19:00:00+00:00,Napoli (William),Dortmund (Hawk),2,1,1,GT Leagues – 12 mins play,
12852323,ended,False,2026-09-09T19:00:00+00:00,Man City (Fred),Arsenal (Carlos),0,1,2,GT Leagues – 12 mins play,
12852325,ended,False,2026-09-09T19:00:00+00:00,Aston Villa (Habibi),Bournemouth (Baba),2,2,3,GT Leagues – 12 mins play,
12876919,ended,False,2026-09-09T19:00:00+00:00,Lille (Cyclop),Real Madrid (Voodoo),1,2,2,GT Leagues – 12 mins play,
12852327,ended,False,2026-09-09T19:15:00+00:00,Aston Villa (Habibi),Arsenal (Carlos),1,3,2,GT Leagues – 12 mins play,
12852329,ended,False,2026-09-09T19:15:00+00:00,Man Utd (Arthur),Man City (Fred),4,5,2,GT Leagues – 12 mins play,
12877225,ended,False,2026-09-09T19:15:00+00:00,Napoli (William),Lille (Cyclop),1,4,2,GT Leagues – 12 mins play,
12877227,ended,False,2026-09-09T19:15:00+00:00,Man City (Snake),Dortmund (Hawk),4,6,2,GT Leagues – 12 mins play,
12852331,ended,False,2026-09-09T19:30:00+00:00,Man Utd (Arthur),Arsenal (Carlos),4,4,3,GT Leagues – 12 mins play,
12852333,ended,False,2026-09-09T19:30:00+00:00,Bournemouth (Baba),Man City (Fred),3,1,1,GT Leagues – 12 mins play,
12877229,ended,False,2026-09-09T19:30:00+00:00,Dortmund (Hawk),Lille (Cyclop),2,3,2,GT Leagues – 12 mins play,
12885041,ended,False,2026-09-09T19:30:00+00:00,Man City (Snake),Real Madrid (Voodoo),4,4,3,GT Leagues – 12 mins play,
12877237,ended,False,2026-09-09T19:45:00+00:00,Real Madrid (Voodoo),Napoli (William),4,1,1,GT Leagues – 12 mins play,
12885167,ended,False,2026-09-09T19:45:00+00:00,Man City (Snake),Lille (Cyclop),2,6,2,GT Leagues – 12 mins play,
12877239,ended,False,2026-09-09T20:00:00+00:00,Man City (Snake),Napoli (William),6,3,1,GT Leagues – 12 mins play,
12877241,ended,False,2026-09-09T20:00:00+00:00,Real Madrid (Voodoo),Dortmund (Hawk),3,3,3,GT Leagues – 12 mins play,
12899641,ended,False,2026-09-09T20:00:00+00:00,Bayern (Viper),PSG (Rossi),2,0,1,GT Leagues – 12 mins play,
12877245,ended,False,2026-09-09T20:15:00+00:00,Dortmund (Hawk),Napoli (William),3,2,1,GT Leagues – 12 mins play,
12885171,ended,False,2026-09-09T20:15:00+00:00,Real Madrid (Voodoo),Lille (Cyclop),2,2,3,GT Leagues – 12 mins play,
12899633,ended,False,2026-09-09T20:15:00+00:00,Inter (Jose),PSG (Rossi),2,1,1,GT Leagues – 12 mins play,
12885135,ended,False,2026-09-09T18:52:53+00:00,Aston Villa (SALAMANDER),Tottenham (ENT),1,2,2,H2H GG League - 8 mins play,
12885129,ended,False,2026-09-09T18:58:53+00:00,PSG (ORACLE),Man City (FORCE),2,1,1,H2H GG League - 8 mins play,
12876157,ended,False,2026-09-09T18:59:13+00:00,Portugal (THREAT),France (ZEUS),0,0,3,H2H GG League - 8 mins play,
12883077,ended,False,2026-09-09T19:02:53+00:00,England (EMPEROR),Spain (GLORY),1,2,2,H2H GG League - 8 mins play,
12883079,ended,False,2026-09-09T19:06:55+00:00,Arsenal (UNLEASHED),Newcastle (MARS),0,1,2,H2H GG League - 8 mins play,
12883081,ended,False,2026-09-09T19:14:51+00:00,PSG (ORACLE),Real Madrid (INFERNO),2,1,1,H2H GG League - 8 mins play,
12884071,ended,False,2026-09-09T19:18:51+00:00,England (EMPEROR),Portugal (THREAT),2,1,1,H2H GG League - 8 mins play,
12893269,ended,False,2026-09-09T19:28:51+00:00,Man City (FORCE),Bayern (CASTLE),1,3,2,H2H GG League - 8 mins play,
12890901,ended,False,2026-09-09T19:32:51+00:00,Spain (GLORY),France (ZEUS),0,1,2,H2H GG League - 8 mins play,
12893243,ended,False,2026-09-09T19:37:44+00:00,Arsenal (UNLEASHED),Aston Villa (SALAMANDER),2,0,1,H2H GG League - 8 mins play,
12890909,ended,False,2026-09-09T19:46:00+00:00,Newcastle (MARS),Tottenham (ENT),0,0,3,H2H GG League - 8 mins play,
12890913,ended,False,2026-09-09T19:53:00+00:00,Bayern (CASTLE),PSG (ORACLE),1,1,3,H2H GG League - 8 mins play,
12892225,ended,False,2026-09-09T19:57:00+00:00,France (ZEUS),England (EMPEROR),1,2,2,H2H GG League - 8 mins play,
12899637,ended,False,2026-09-09T20:01:00+00:00,Tottenham (ENT),Arsenal (UNLEASHED),0,1,2,H2H GG League - 8 mins play,
12893255,ended,False,2026-09-09T20:08:00+00:00,Real Madrid (INFERNO),Man City (FORCE),3,0,1,H2H GG League - 8 mins play,
12893261,ended,False,2026-09-09T20:12:00+00:00,Portugal (THREAT),Spain (GLORY),1,3,2,H2H GG League - 8 mins play,
12893267,ended,False,2026-09-09T20:16:00+00:00,Aston Villa (SALAMANDER),Newcastle (MARS),1,0,1,H2H GG League - 8 mins play,
12898831,ended,False,2026-09-09T20:18:51+00:00,France (ZEUS),Portugal (THREAT),1,0,1,H2H GG League - 8 mins play,
12907117,ended,False,2026-09-09T20:22:53+00:00,Tottenham (ENT),Aston Villa (SALAMANDER),3,1,1,H2H GG League - 8 mins play,
12893271,ended,False,2026-09-09T20:23:00+00:00,Bayern (CASTLE),Real Madrid (INFERNO),0,2,2,H2H GG League - 8 mins play,
